<?xml version="1.0" encoding="UTF-8" standalone="yes"?>
<addon id="plugin.video.dom2" name="Dom 2 Add-on" version="1.0.0" provider-name="Vadim Brook">
  <requires>
      <import addon="xbmc.python" version="2.1.0"/>
  </requires>
  <extension point="xbmc.python.pluginsource" library="addon.py">
      <provides>video</provides>
  </extension>
  <extension point="xbmc.addon.metadata">
      <summary lang="en">Watch Dom2 online</summary>
      <description lang="en">Watch all Dom2 episodes</description>
      <disclaimer lang="en">http://veterok.tv parser. Check TOS befor using</disclaimer>
      <platform>all</platform>
  </extension>
</addon>
