<?xml version="1.0" encoding="UTF-8" standalone="yes"?>
<addon id="plugin.video.eroticax" name="EroticaX" version="1.0.0" provider-name="Vadim Brook">
  <requires>
      <import addon="xbmc.python" version="2.1.0"/>
  </requires>
  <extension point="xbmc.python.pluginsource" library="addon.py">
      <provides>video</provides>
  </extension>
  <extension point="xbmc.addon.metadata">
      <summary lang="en">Watch EroticaX videos</summary>
      <description lang="en">Watch all EroticaX videos</description>
      <disclaimer lang="en">Using redtube.com API</disclaimer>
      <platform>all</platform>
  </extension>
</addon>
